function,module,line
find_project_root,00_core.R,22
read_project_config,00_core.R,43
config_file,00_core.R,80
raw_file,00_core.R,101
lookup_file,00_core.R,105
derived_file,00_core.R,109
figure_file,00_core.R,113
table_file,00_core.R,117
database_file,00_core.R,121
require_package,00_core.R,135
read_tabular,00_core.R,145
write_tabular,00_core.R,185
write_stage_data,00_core.R,247
read_stage_data,00_core.R,263
write_csv_table,00_core.R,267
select_stage_file,00_core.R,271
assert_has_columns,00_core.R,290
assert_unique_key,00_core.R,302
assert_nonnegative,00_core.R,321
assert_no_missing,00_core.R,335
assert_total_preserved,00_core.R,352
warn_or_stop,00_core.R,368
cross_join_dt,00_core.R,681
normalise_token,00_core.R,740
rename_first_match,00_core.R,745
cod_name_aliases,00_core.R,771
cod_required_names,00_core.R,794
cod_source_column_candidates,00_core.R,801
standardise_cod_names,00_core.R,806
age5_from_completed_years,00_core.R,860
age5_from_famhis,00_core.R,878
complete_cells,00_core.R,891
safe_ratio,00_core.R,913
cod_aggregation_backend,00_core.R,932
format_count,00_core.R,947
format_elapsed,00_core.R,951
run_timed_step,00_core.R,962
cod_progress,00_core.R,981
fast_group_sum,00_core.R,998
source_project_functions,00_core.R,1099
read_population_block,01_population_cod.R,19
build_population_from_workbook,01_population_cod.R,47
standardise_population,01_population_cod.R,103
prepare_population,01_population_cod.R,127
normalise_icd_category,01_population_cod.R,202
read_icd_to_nbd_lookup,01_population_cod.R,211
map_icd_to_nbd,01_population_cod.R,282
read_analysis_to_za_lookup,01_population_cod.R,371
apply_analysis_to_za,01_population_cod.R,483
read_cause_labels,01_population_cod.R,611
read_cod_microdata,01_population_cod.R,704
icd_between,01_population_cod.R,730
make_source_date,01_population_cod.R,734
recode_perinatal_codes,01_population_cod.R,746
apply_icd10_verification,01_population_cod.R,778
cod_drop_zero_cells,01_population_cod.R,1009
cod_working_table,01_population_cod.R,1013
check_unmapped_live_births,01_population_cod.R,1027
collapse_verified_cod,01_population_cod.R,1051
prepare_cod_analysis_groups,01_population_cod.R,1078
cod_2004_ill_defined_correction,01_population_cod.R,1125
aggregate_cod_annual_groups,01_population_cod.R,1185
cod_cast_category_wide,01_population_cod.R,1221
cod_melt_category,01_population_cod.R,1266
redistribute_cod_sex,01_population_cod.R,1294
redistribute_cod_age,01_population_cod.R,1324
redistribute_cod_population_group,01_population_cod.R,1360
finalize_clean_cod,01_population_cod.R,1480
clean_cod_data,01_population_cod.R,1503
split_cod_by_injury,01_population_cod.R,1515
standardise_injury_columns,02_injuries.R,21
injury_reference_key,02_injuries.R,34
kish_effective_sample_size,02_injuries.R,66
allocate_injury_effective_n,02_injuries.R,75
prepare_ims_2009,02_injuries.R,110
prepare_nims_2000,02_injuries.R,214
expand_nims_2000_with_ims,02_injuries.R,396
redistribute_named_source,02_injuries.R,514
redistribute_named_source_with_reference,02_injuries.R,562
prepare_famhis_2017,02_injuries.R,712
prepare_injury_surveys,02_injuries.R,907
injury_model_parameters,02_injuries.R,980
injury_age_midpoint,02_injuries.R,1077
injury_group_table,02_injuries.R,1089
injury_donor_composition,02_injuries.R,1109
apply_injury_anchor_corrections,02_injuries.R,1212
survey_counts_to_fractions,02_injuries.R,1383
injury_alr_variance,02_injuries.R,1541
injury_stable_log_ratio,02_injuries.R,1552
build_injury_hierarchical_observations,02_injuries.R,1575
injury_interpolation_matrix,02_injuries.R,1684
injury_triangular_kernel,02_injuries.R,1715
injury_smoothing_matrix,02_injuries.R,1725
injury_trajectory_matrices,02_injuries.R,1746
injury_anchor_matrix,02_injuries.R,1759
injury_matrix_to_long,02_injuries.R,1785
injury_interpolate_trajectory_table,02_injuries.R,1800
injury_build_annual_log_ratios,02_injuries.R,1840
injury_compose_annual_fractions,02_injuries.R,1877
injury_fraction_panel_from_surveys,02_injuries.R,1966
injury_draw_survey_compositions,02_injuries.R,1981
injury_compose_fraction_panel,02_injuries.R,2067
injury_draw_fraction_panel,02_injuries.R,2094
injury_model_summary_table,02_injuries.R,2102
fit_predict_injury_interpolation_panel,02_injuries.R,2129
summarise_injury_logit_trends,02_injuries.R,2154
injury_survey_model_comparison,02_injuries.R,2183
validate_injury_fraction_panel,02_injuries.R,2215
fit_injury_fraction_model,02_injuries.R,2256
estimate_injury_fractions,02_injuries.R,2317
apply_injury_fractions,02_injuries.R,2322
injury_model_diagnostics,02_injuries.R,2423
read_child_completeness,03_completeness_hiv.R,15
read_adjusted_deaths_by_province,03_completeness_hiv.R,119
derive_completeness_scalars,03_completeness_hiv.R,170
apply_completeness_scalars,03_completeness_hiv.R,274
prepare_npr,03_completeness_hiv.R,304
apply_npr_adjustment,03_completeness_hiv.R,332
build_national_investigation,03_completeness_hiv.R,410
standardise_anc_prevalence_source,03_completeness_hiv.R,439
build_calendar_anc_prevalence,03_completeness_hiv.R,485
prepare_prevalence_population,03_completeness_hiv.R,555
standardise_prevalence_population,03_completeness_hiv.R,600
read_prevalence_population,03_completeness_hiv.R,670
expand_counts_to_national_both_sex,03_completeness_hiv.R,674
build_pseudo_cause_counts,03_completeness_hiv.R,689
build_pseudo_population_counts,03_completeness_hiv.R,709
estimate_hiv_base_year,03_completeness_hiv.R,726
hiv_background_model_codes,03_completeness_hiv.R,751
hiv_finite_covariance_block,03_completeness_hiv.R,758
hiv_prediction_contrast,03_completeness_hiv.R,783
fit_background_trends,03_completeness_hiv.R,807
estimate_zero_prevalence_intercepts,03_completeness_hiv.R,986
allocate_intercept_to_causes,03_completeness_hiv.R,1121
estimate_misclassified_hiv,03_completeness_hiv.R,1152
allocate_hiv_to_population_groups,03_completeness_hiv.R,1184
construct_hiv_reallocated_long,03_completeness_hiv.R,1349
hiv_draw_mvn,03_completeness_hiv.R,1380
draw_hiv_background_trends,03_completeness_hiv.R,1405
draw_hiv_zero_prevalence_intercepts,03_completeness_hiv.R,1441
run_hiv_reallocation_from_covariance,03_completeness_hiv.R,1477
run_hiv_reallocation,03_completeness_hiv.R,1539
redist_column_names,04_redistribution.R,26
redist_copy_input,04_redistribution.R,48
redist_set_column,04_redistribution.R,77
redist_drop_columns,04_redistribution.R,93
redist_condition_rows,04_redistribution.R,105
redist_numeric_matrix,04_redistribution.R,138
redistribute_columns,04_redistribution.R,205
redist,04_redistribution.R,388
redist_validate_long_counts,04_redistribution.R,445
redist_assert_group_totals,04_redistribution.R,467
redistribute_unknown,04_redistribution.R,502
redistribute_population_group,04_redistribution.R,575
cause_column,04_redistribution.R,677
ensure_cause_columns,04_redistribution.R,679
long_to_wide_causes,04_redistribution.R,717
wide_to_long_causes,04_redistribution.R,741
redistribute_cause_columns,04_redistribution.R,769
stage06_redistribution_rules,04_redistribution.R,818
stage06_validate_target_overrides,04_redistribution.R,881
stage06_draw_target_overrides,04_redistribution.R,909
stage06_apply_sequential_redistribution,04_redistribution.R,927
stage06_apply_plausibility_checks,04_redistribution.R,968
stage06_make_reference,04_redistribution.R,1004
stage06_key,04_redistribution.R,1020
stage06_valid_columns,04_redistribution.R,1024
stage06_allocate_zero_denominator,04_redistribution.R,1049
stage06_normalise_envelope,04_redistribution.R,1139
stage06_exclusion_reason,04_redistribution.R,1186
redistribute_garbage_codes,04_redistribution.R,1219
run_garbage_redistribution,04_redistribution.R,1340
read_yll_schedule,05_yll_database.R,15
calculate_yll_outputs,05_yll_database.R,51
prepare_database_population,05_yll_database.R,94
append_aggregate_ages,05_yll_database.R,149
read_asr_factors,05_yll_database.R,176
calculate_asr,05_yll_database.R,187
build_final_database,05_yll_database.R,219
uc_require,06_uncertainty.R,59
uc_as_dt,06_uncertainty.R,66
uc_assert_columns,06_uncertainty.R,71
uc_assert_finite_nonnegative,06_uncertainty.R,82
uc_assert_unique,06_uncertainty.R,98
uc_aggregate_counts,06_uncertainty.R,109
uc_add_envelope,06_uncertainty.R,121
uc_recursive_defaults,06_uncertainty.R,131
uc_derived_path,06_uncertainty.R,136
uc_read_parquet,06_uncertainty.R,147
uc_standardize_count_input,06_uncertainty.R,153
uc_standardize_injury_fraction_panel,06_uncertainty.R,165
uc_injury_fraction_panel_as_counts,06_uncertainty.R,217
uc_file_signature,06_uncertainty.R,225
uc_component_seed,06_uncertainty.R,244
uc_max_table_error,06_uncertainty.R,257
uc_max_cell_error,06_uncertainty.R,304
uc_default_config,06_uncertainty.R,327
uc_validate_config,06_uncertainty.R,383
uc_weak_compositions,06_uncertainty.R,571
uc_weighted_quantile,06_uncertainty.R,593
uc_estimate_completeness_distribution,06_uncertainty.R,614
uc_completeness_distribution_summary,06_uncertainty.R,800
uc_draw_completeness,06_uncertainty.R,846
uc_validate_injury_artifact,06_uncertainty.R,945
uc_draw_injury_fraction_panel,06_uncertainty.R,1003
uc_replace_injury_composition,06_uncertainty.R,1020
uc_run_stage06,06_uncertainty.R,1075
uc_redistribution_audit_summary,06_uncertainty.R,1151
uc_optional_cause_labels,06_uncertainty.R,1178
uc_build_cause_catalog,06_uncertainty.R,1210
uc_report_draw,06_uncertainty.R,1226
uc_report_population_draw,06_uncertainty.R,1305
uc_write_parquet_atomic,06_uncertainty.R,1376
uc_write_csv_atomic,06_uncertainty.R,1389
uc_combine_draws,06_uncertainty.R,1402
uc_summarise_draws,06_uncertainty.R,1413
uc_convergence_headlines,06_uncertainty.R,1461
uc_hiv_cause_covariance_diagnostics,06_uncertainty.R,1506
uc_prepare_scenario_directory,06_uncertainty.R,1582
uc_common_seed_map,06_uncertainty.R,1616
uc_load_inputs,06_uncertainty.R,1631
uc_point_reconstruction,06_uncertainty.R,1753
uc_run_one_draw,06_uncertainty.R,1842
uc_preflight_table,06_uncertainty.R,1993
uc_run_signature,06_uncertainty.R,2059
uc_write_manifest,06_uncertainty.R,2100
run_nbd3_uncertainty,06_uncertainty.R,2161
nbd_integrated_require,07_reporting.R,22
nbd_integrated_is_absolute,07_reporting.R,30
nbd_integrated_resolve_path,07_reporting.R,34
nbd_uncertainty_draw_files,07_reporting.R,46
nbd_population_uncertainty_draw_files,07_reporting.R,109
nbd_read_uncertainty_draw_file,07_reporting.R,119
nbd_read_population_uncertainty_draw_file,07_reporting.R,156
nbd_read_uncertainty_summary,07_reporting.R,197
nbd_identical_key_table,07_reporting.R,235
nbd_collect_uncertainty_draw_matrix,07_reporting.R,244
nbd_type8_quantile_from_sorted,07_reporting.R,354
nbd_summarise_uncertainty_draw_matrix,07_reporting.R,368
nbd_recompute_invalid_interval_rows,07_reporting.R,441
nbd_integrated_parse_codes,07_reporting.R,610
nbd_validate_uncertainty_report_mapping,07_reporting.R,624
nbd_uncertainty_series_catalog,07_reporting.R,745
nbd_uncertainty_age_map,07_reporting.R,771
nbd_uncertainty_profile_paths,07_reporting.R,780
nbd_derive_uncertainty_series,07_reporting.R,813
nbd_build_uncertainty_intervals,07_reporting.R,927
nbd_build_cause_uncertainty_mapping,07_reporting.R,1046
nbd_derive_cause_uncertainty_series,07_reporting.R,1175
nbd_derive_population_cause_uncertainty_series,07_reporting.R,1218
nbd_build_cause_uncertainty_intervals,07_reporting.R,1261
nbd_compare_tables_exactly,07_reporting.R,1793
nbd_attach_uncertainty_to_report,07_reporting.R,1819
required_input_manifest,08_pipeline.R,19
resolve_manifest_path,08_pipeline.R,71
check_lookup_ready,08_pipeline.R,75
check_required_inputs,08_pipeline.R,94
manifest_files,08_pipeline.R,160
stage_prepare_population,08_pipeline.R,176
stage_group_cod_records,08_pipeline.R,181
stage_prepare_cod_annual,08_pipeline.R,237
stage_redistribute_cod_sex,08_pipeline.R,283
stage_redistribute_cod_age,08_pipeline.R,304
stage_redistribute_cod_population,08_pipeline.R,325
stage_clean_cod,08_pipeline.R,351
stage_prepare_injury_surveys,08_pipeline.R,359
stage_estimate_injuries,08_pipeline.R,364
stage_adjust_completeness,08_pipeline.R,439
stage_prepare_prevalence_population,08_pipeline.R,455
stage_reallocate_hiv,08_pipeline.R,462
stage_redistribute_garbage,08_pipeline.R,498
stage_calculate_yll,08_pipeline.R,504
stage_build_database,08_pipeline.R,518
compare_checkpoint_outputs,08_pipeline.R,559
summarise_checkpoint_comparison,08_pipeline.R,658
